{
  "n_list": [
    1000,
    10000,
    100000,
    1000000,
    10000000
  ],
  "insert_times": [
    3.0654e-06,
    4.30226e-06,
    7.207689e-06,
    1.82427232e-05,
    2.9311288059999998e-05
  ],
  "lookup_times": [
    1.709e-06,
    3.0249e-06,
    3.9595e-06,
    7.5872e-06,
    1.1173600000000001e-05
  ],
  "delete_times": [
    2.3624e-06,
    3.2021e-06,
    5.4395e-06,
    8.4807e-06,
    1.33969e-05
  ]
}