{
  "n_list": [
    1000,
    10000,
    100000,
    1000000,
    10000000
  ],
  "insert_times": [
    8.283799999999999e-06,
    1.1926049999999999e-05,
    1.6000092e-05,
    2.19559293e-05,
    3.2300812849999996e-05
  ],
  "lookup_times": [
    7.329e-07,
    1.1962999999999999e-06,
    2.0903e-06,
    4.8416e-06,
    6.2028e-06
  ],
  "delete_times": [
    6.9898e-06,
    1.4033200000000001e-05,
    1.52372e-05,
    2.13687e-05,
    2.56363e-05
  ]
}