{
  "n_list": [
    1000,
    10000,
    100000,
    1000000,
    10000000
  ],
  "insert_times": [
    3.3025e-06,
    4.24779e-06,
    6.682152e-06,
    1.4634479300000001e-05,
    2.0457248810000002e-05
  ],
  "lookup_times": [
    1.5187e-06,
    2.2486999999999997e-06,
    3.4811e-06,
    7.496e-06,
    6.8848000000000006e-06
  ],
  "delete_times": [
    3.2001e-06,
    3.473e-06,
    4.9233e-06,
    9.8337e-06,
    8.5056e-06
  ]
}